feature_1,feature_2,feature_3,feature_4,feature_5,feature_6,feature_7,feature_8,feature_9,feature_10,feature_11,feature_12,feature_13,feature_14,feature_15,feature_16,feature_17,feature_18,feature_19,feature_20,feature_21,feature_22,feature_23,feature_24,credit_risk,good_credit,jurisdiction,gender,predicted_probability,approval_decision,adjusted_probability
4,24,2,59,5,2,2,1,3,44,3,2,1,2,1,0,0,1,0,0,1,0,0,1,2,0,EU,Female,0.9249954584514175,1,0.7249954584514176
1,12,1,3,1,5,4,1,3,45,1,1,1,1,1,0,0,1,0,0,1,0,1,0,1,1,EU,Female,0.45161796139493476,0,0.25161796139493475
4,27,2,52,5,5,3,4,2,48,3,4,2,2,1,0,0,1,0,0,1,0,0,1,1,1,EU,Female,0.959426483336999,1,0.759426483336999
4,6,2,35,1,3,3,3,2,26,3,1,1,1,1,1,0,0,0,1,0,0,0,1,1,1,EU,Male,0.9027979228216171,1,0.9027979228216171
2,12,2,75,5,1,2,2,1,24,3,1,1,1,1,1,0,1,0,1,0,1,0,0,1,1,US,Male,0.40010878262635663,0,0.40010878262635663
2,12,2,11,1,4,3,3,1,29,3,2,1,1,2,0,0,0,0,0,1,0,0,1,1,1,US,Male,0.9823883443526377,1,0.9823883443526377
4,12,2,18,1,3,3,2,1,24,3,1,1,1,1,0,0,1,0,1,0,0,1,0,1,1,US,Female,0.8205281235653533,1,0.6205281235653533
1,36,2,23,1,3,1,4,3,31,3,1,1,1,1,0,0,1,0,1,0,0,0,1,2,0,US,Female,0.1677808504252568,0,0.0
4,12,4,8,5,5,2,3,2,33,1,1,2,1,1,0,0,1,0,0,1,0,1,0,2,0,EU,Female,0.9622700477160729,1,0.7622700477160729
2,30,4,42,1,1,4,2,3,28,3,2,1,1,1,1,0,1,0,0,1,0,0,0,2,0,EU,Male,0.5040460488665607,1,0.5040460488665607
4,12,1,34,3,3,2,3,1,35,3,1,2,1,1,0,0,1,0,0,1,0,1,0,1,1,US,Female,0.8859732026024163,1,0.6859732026024163
4,18,4,32,5,1,3,4,4,38,3,1,1,2,1,0,1,1,0,0,1,0,0,0,1,1,EU,Male,0.9907255630009809,1,0.9907255630009809
2,12,4,36,1,3,2,1,1,23,3,1,1,1,1,0,0,1,0,0,1,0,1,0,1,1,EU,Female,0.7749121960172196,1,0.5749121960172197
2,12,2,65,5,1,3,1,4,52,3,1,1,2,1,0,0,1,0,0,1,0,0,0,2,0,US,Female,0.8416882430952236,1,0.6416882430952235
4,24,2,54,5,1,2,4,2,26,3,1,1,2,1,0,1,1,0,1,0,0,0,0,1,1,US,Female,0.9597372094353638,1,0.7597372094353638
1,27,0,53,1,1,3,4,2,50,2,2,1,2,1,0,0,1,0,0,1,0,0,1,2,0,EU,Male,0.2333248388590913,0,0.2333248388590913
2,18,3,24,5,5,3,2,2,42,3,2,1,1,1,0,0,1,0,0,1,0,0,1,1,1,US,Male,0.9101936575224804,1,0.9101936575224804
1,15,4,14,1,3,2,3,2,25,3,2,1,1,1,0,0,1,0,1,0,0,0,1,1,1,US,Male,0.5441734847480105,1,0.5441734847480105
2,8,2,9,1,2,4,2,1,26,3,1,1,2,1,0,0,1,0,0,1,0,0,1,1,1,EU,Female,0.8149677418429567,1,0.6149677418429567
1,24,2,14,1,4,2,4,3,23,3,2,1,1,1,1,0,1,0,1,0,0,0,1,2,0,EU,Male,0.16496193231969153,0,0.16496193231969153
2,8,2,8,1,4,2,2,1,44,3,1,1,1,1,0,0,0,0,0,1,0,1,0,1,1,EU,Male,0.9313019783484366,1,0.9313019783484366
1,18,2,24,1,2,2,1,3,27,2,1,1,1,1,0,0,1,0,0,1,0,0,1,1,1,US,Male,0.34131515763077425,0,0.34131515763077425
2,36,0,38,1,3,2,1,3,42,3,1,1,2,1,0,0,1,0,0,1,0,0,1,2,0,EU,Female,0.3654967412757673,0,0.1654967412757673
1,18,2,12,1,3,4,3,1,47,3,1,1,2,1,0,0,1,0,0,1,0,1,0,2,0,US,Male,0.6866635898362092,1,0.6866635898362092
2,36,2,126,2,3,3,4,4,47,3,1,2,2,1,0,0,1,0,0,0,0,0,1,2,0,EU,Male,0.36494901881855046,0,0.36494901881855046
4,24,2,23,1,4,3,2,3,28,3,1,1,2,1,0,0,1,0,0,1,0,0,1,1,1,US,Male,0.8537639030912288,1,0.8537639030912288
2,48,2,54,5,1,3,4,4,40,1,1,1,2,1,0,0,1,0,0,0,1,0,0,1,1,US,Male,0.26844375214945265,0,0.26844375214945265
1,24,2,30,5,3,4,4,3,20,3,1,1,1,1,0,0,1,0,0,1,0,0,1,2,0,US,Female,0.6266104019119881,0,0.4266104019119881
2,15,4,27,5,4,3,2,1,35,1,3,1,2,1,0,0,0,0,0,1,0,0,1,1,1,US,Male,0.981405344800059,1,0.981405344800059
2,15,3,15,4,3,4,3,2,61,2,2,1,1,1,0,0,1,0,0,1,0,0,1,2,0,US,Female,0.8920323599280751,1,0.6920323599280751
2,24,3,70,2,4,3,4,3,36,3,1,1,2,1,0,0,1,0,1,0,0,0,0,1,1,EU,Female,0.5939850217421176,0,0.39398502174211764
2,9,2,14,1,3,4,1,1,27,1,1,1,2,1,0,0,1,0,0,1,0,0,1,1,1,US,Female,0.7353224682032482,1,0.5353224682032482
4,24,2,74,1,3,3,4,2,43,3,1,2,1,1,1,0,1,0,0,1,0,1,0,1,1,EU,Female,0.6460854954208392,0,0.44608549542083914
3,36,2,58,1,3,3,1,3,24,3,1,1,1,1,0,0,1,0,0,1,0,0,1,1,1,US,Female,0.5475002644000988,0,0.3475002644000988
4,27,2,26,1,3,2,3,1,21,3,1,1,1,1,1,0,1,0,1,0,0,0,1,2,0,EU,Female,0.5337568709888838,0,0.3337568709888838
1,9,4,28,1,3,3,2,1,36,3,2,2,1,1,1,0,1,0,1,0,0,0,1,1,1,US,Female,0.5811220715605944,0,0.38112207156059436
4,36,2,81,1,3,2,2,2,30,1,1,1,1,1,0,1,1,0,0,1,0,0,1,1,1,EU,Male,0.8141351024832696,1,0.8141351024832696
4,18,2,11,5,2,2,2,1,21,3,1,1,2,1,0,0,1,0,1,0,0,0,1,1,1,US,Female,0.9252931040071131,1,0.7252931040071131
1,15,3,36,1,5,2,4,2,27,3,2,1,1,1,0,0,1,0,0,1,0,1,0,1,1,US,Male,0.5248235778374191,1,0.5248235778374191
3,18,1,14,5,4,3,4,3,49,1,1,1,1,1,0,0,1,0,0,1,0,1,0,1,1,US,Female,0.7798005960988638,1,0.5798005960988637
2,21,4,27,4,4,3,2,3,32,3,2,1,2,1,0,0,1,0,0,1,0,0,1,1,1,US,Female,0.9045265077128894,1,0.7045265077128895
4,18,4,38,1,4,3,1,3,27,3,2,1,1,1,0,1,1,0,0,1,0,0,1,1,1,EU,Female,0.9787280957472765,1,0.7787280957472764
2,7,2,26,1,3,3,2,1,35,3,1,1,1,1,0,0,0,0,0,1,0,0,1,1,1,EU,Female,0.9271237238997764,1,0.7271237238997763
1,12,0,11,1,3,3,4,3,48,1,2,1,1,1,1,0,1,0,0,1,0,0,1,2,0,US,Female,0.15747564596208732,0,0.0
4,36,2,23,3,5,3,4,3,39,3,1,1,1,1,0,0,1,0,0,1,0,0,1,1,1,US,Male,0.8414435436686871,1,0.8414435436686871
1,24,2,24,1,2,2,4,1,35,3,1,1,2,1,0,0,1,0,0,1,0,0,1,2,0,EU,Male,0.47955765224019387,0,0.47955765224019387
4,6,2,30,3,3,3,2,3,32,3,1,1,2,1,0,0,1,0,0,1,0,0,1,1,1,EU,Female,0.9383490689916294,1,0.7383490689916294
4,12,2,11,3,3,2,4,3,29,3,1,1,1,1,0,0,1,0,1,0,0,1,0,2,0,EU,Female,0.8197544690789249,1,0.619754469078925
1,24,1,69,1,2,1,1,2,55,1,1,1,2,1,0,0,1,0,0,1,0,0,1,2,0,US,Female,0.2356629087778716,0,0.035662908777871594
4,12,2,15,1,2,2,3,3,34,3,1,2,1,1,0,0,1,0,0,1,0,0,1,1,1,US,Female,0.8482749589864689,1,0.6482749589864689
4,6,2,15,1,2,2,2,4,56,3,1,1,1,1,0,0,1,0,0,1,0,0,1,1,1,EU,Male,0.8725741680168128,1,0.8725741680168128
2,60,1,148,2,5,2,4,4,60,1,2,1,2,1,0,0,1,0,0,0,0,0,0,2,0,US,Male,0.08957254638081777,0,0.08957254638081777
4,12,3,15,1,3,4,4,1,41,3,1,1,1,1,0,1,1,0,1,0,0,0,1,1,1,EU,Female,0.9756784326633969,1,0.775678432663397
2,12,4,18,2,2,3,4,2,44,3,1,1,1,1,0,1,1,0,0,1,0,0,1,1,1,US,Female,0.9597982116055535,1,0.7597982116055535
2,18,4,9,1,5,3,4,3,36,1,1,2,2,1,1,0,1,0,0,1,0,0,1,2,0,US,Male,0.6434515481815805,1,0.6434515481815805
4,6,4,21,3,3,4,2,3,24,3,1,1,1,1,1,0,1,0,0,1,0,0,1,1,1,EU,Female,0.9304852200330742,1,0.7304852200330743
4,9,2,36,2,3,3,2,1,26,3,1,2,1,2,1,0,0,0,1,0,0,0,1,1,1,US,Female,0.9871231532264354,1,0.7871231532264353
4,15,4,34,4,5,3,4,4,23,3,2,1,2,1,0,1,1,0,1,0,0,0,1,1,1,EU,Female,0.9858915987594595,1,0.7858915987594595
4,18,4,22,1,3,2,1,3,25,3,2,1,1,1,0,0,1,0,0,1,0,0,1,1,1,EU,Male,0.89865601896676,1,0.89865601896676
4,12,2,35,5,2,3,3,2,45,3,1,2,2,1,1,0,1,0,0,1,0,0,0,1,1,US,Male,0.938340899732732,1,0.938340899732732
3,15,2,19,1,5,3,4,3,40,3,1,1,2,1,0,0,1,0,1,0,0,0,0,1,1,US,Male,0.7608988144878176,1,0.7608988144878176
3,12,4,9,3,4,4,2,1,28,3,3,1,2,1,1,0,1,0,0,1,0,0,1,2,0,US,Female,0.9427045805479936,1,0.7427045805479935
4,15,1,16,2,5,3,4,3,34,1,1,2,1,1,0,0,1,0,0,1,0,1,0,1,1,EU,Male,0.7727553239976002,1,0.7727553239976002
4,24,4,45,1,3,3,2,1,74,3,1,1,2,1,0,0,1,0,0,1,0,0,0,1,1,US,Male,0.9576133687209298,1,0.9576133687209298
1,12,4,7,1,5,3,3,2,35,3,2,1,1,1,1,0,1,0,0,1,0,0,1,2,0,EU,Male,0.6337658526206684,1,0.6337658526206684
4,36,2,47,1,3,3,2,4,32,3,1,1,2,1,0,1,1,0,0,0,0,0,0,1,1,US,Female,0.9052680006652527,1,0.7052680006652527
2,24,3,23,5,2,3,2,2,29,1,1,1,1,1,0,0,1,0,0,1,0,1,0,1,1,EU,Female,0.7370580132625284,1,0.5370580132625284
1,36,2,82,1,3,3,2,2,26,3,1,2,1,1,0,1,1,0,0,1,0,0,1,2,0,US,Male,0.651749247721023,1,0.651749247721023
4,30,1,75,5,1,2,1,1,53,1,1,1,2,1,0,1,1,0,0,1,0,0,0,2,0,US,Male,0.9557342172080218,1,0.9557342172080218
4,24,2,15,2,5,4,4,1,41,3,1,1,1,1,1,0,1,0,1,0,0,1,0,1,1,US,Male,0.7652620889544358,1,0.7652620889544358
4,6,1,8,5,3,3,2,1,26,2,1,2,1,1,1,0,0,0,0,1,0,1,0,1,1,EU,Male,0.9734496906389793,1,0.9734496906389793
3,12,2,13,1,2,3,1,1,26,3,1,1,1,1,1,0,1,0,0,1,0,0,1,1,1,EU,Male,0.6997171507207685,1,0.6997171507207685
2,24,2,14,1,2,2,4,3,25,3,1,1,2,1,1,0,1,0,0,1,0,1,0,2,0,US,Female,0.3570355142822116,0,0.15703551428221157
4,12,4,13,1,3,2,2,2,35,3,2,1,1,1,0,0,1,0,0,1,0,0,1,1,1,EU,Female,0.9326874713056069,1,0.7326874713056069
1,12,4,4,1,4,2,3,1,58,3,4,1,2,1,0,0,1,0,0,1,0,1,0,1,1,US,Female,0.8553250267276774,1,0.6553250267276773
2,48,4,51,1,3,2,3,3,30,3,1,1,2,1,0,0,1,0,0,1,0,0,0,2,0,EU,Female,0.5205825514382587,0,0.3205825514382587
2,27,2,39,1,3,3,2,3,36,3,1,2,2,1,0,0,1,0,0,1,0,0,1,2,0,EU,Male,0.6484996330587198,1,0.6484996330587198
1,36,2,159,1,1,1,3,3,43,3,1,1,1,1,0,0,0,1,0,1,0,0,0,1,1,US,Female,0.07349336874891467,0,0.0
2,24,2,28,5,5,3,4,4,36,1,1,1,2,1,0,1,1,0,0,0,0,0,1,1,1,EU,Female,0.8913644222666816,1,0.6913644222666815
2,24,2,116,1,3,2,4,3,23,3,2,1,1,1,0,1,1,0,1,0,0,0,0,2,0,US,Male,0.5548371838963952,1,0.5548371838963952
3,24,2,19,1,3,3,2,1,26,3,1,1,1,1,0,0,1,0,0,1,0,0,1,1,1,EU,Female,0.7502497031149824,1,0.5502497031149824
2,27,4,25,3,3,3,2,2,23,3,2,1,1,1,0,0,1,0,0,1,0,1,0,2,0,EU,Male,0.8012577156793925,1,0.8012577156793925
4,24,4,51,1,2,4,3,4,47,3,3,1,2,1,0,0,1,0,0,0,0,0,1,1,1,EU,Female,0.890297938210919,1,0.6902979382109189
4,30,4,76,5,5,3,4,3,63,3,2,1,1,1,0,1,1,0,0,1,0,0,1,1,1,EU,Female,0.9889774089326628,1,0.7889774089326629
4,12,2,23,5,3,3,4,4,37,3,1,1,2,1,0,0,1,0,0,0,0,0,1,1,1,US,Female,0.9292552090343452,1,0.7292552090343452
2,18,2,63,1,4,3,3,1,28,3,1,1,1,1,1,0,1,0,1,0,0,1,0,1,1,EU,Male,0.3155514432471869,0,0.3155514432471869
4,24,4,20,1,3,2,4,3,37,3,1,1,2,1,1,0,1,0,0,1,0,0,1,1,1,US,Female,0.8215123803214559,1,0.621512380321456
3,15,4,24,3,3,3,2,3,36,3,1,1,2,1,0,1,1,0,0,1,0,0,1,1,1,EU,Female,0.9848349204914667,1,0.7848349204914666
2,12,4,19,1,1,3,2,3,34,3,2,1,2,1,0,1,1,0,0,1,0,0,0,1,1,US,Male,0.9568288275463501,1,0.9568288275463501
4,10,4,21,5,3,4,1,3,26,3,2,1,1,2,0,0,1,0,0,1,0,0,1,1,1,US,Female,0.9952200204931723,1,0.7952200204931723
2,27,0,83,1,5,2,4,4,42,3,2,1,2,1,0,0,1,0,0,0,0,0,0,2,0,EU,Male,0.25063005945172206,0,0.25063005945172206
2,18,2,130,1,1,2,4,4,38,3,1,1,2,1,0,1,1,0,0,0,0,0,0,2,0,EU,Male,0.6339925433770868,1,0.6339925433770868
3,12,1,4,4,3,2,3,1,42,3,2,1,1,1,0,0,1,0,1,0,0,0,1,1,1,EU,Female,0.8301054394216808,1,0.6301054394216807
4,18,2,20,1,3,3,4,4,47,1,2,1,1,1,0,0,1,0,0,0,0,0,1,1,1,US,Male,0.6692787083446357,1,0.6692787083446357
4,12,2,19,1,5,3,4,3,39,3,1,1,2,1,1,0,1,0,0,1,0,0,0,1,1,US,Female,0.8274700365544969,1,0.627470036554497
1,36,2,40,1,1,3,3,2,30,3,1,1,2,1,0,0,1,0,0,1,0,0,0,1,1,EU,Male,0.3568094997127877,0,0.3568094997127877
3,24,2,13,3,3,2,3,3,57,3,1,1,1,1,0,0,1,0,0,1,0,1,0,1,1,US,Female,0.8071567762596769,1,0.6071567762596768
2,36,2,124,5,3,3,4,4,37,3,1,1,2,1,1,0,1,0,0,0,0,0,1,2,0,US,Male,0.32085022223237114,0,0.32085022223237114
3,36,2,39,1,3,3,2,1,23,3,1,1,2,1,0,0,1,0,0,1,0,0,1,1,1,EU,Female,0.7025158624201885,1,0.5025158624201884
4,24,2,9,5,4,3,2,3,31,2,1,1,2,1,0,0,1,0,0,1,0,0,1,1,1,EU,Female,0.9343644017433399,1,0.73436440174334
2,18,2,11,1,3,2,4,1,26,3,1,2,1,1,0,0,0,0,0,1,0,1,0,1,1,EU,Male,0.8808123852465585,1,0.8808123852465585
4,10,2,16,3,3,3,2,4,40,3,1,2,1,2,1,0,1,0,1,0,0,1,0,1,1,EU,Male,0.949208910210326,1,0.949208910210326
1,15,2,25,1,1,2,4,3,23,3,1,1,1,1,1,0,1,0,1,0,0,0,1,1,1,US,Male,0.14836919924895758,0,0.14836919924895758
1,9,2,14,1,2,3,2,4,27,3,1,1,2,1,1,0,1,0,0,0,0,0,0,2,0,US,Male,0.3309510332464634,0,0.3309510332464634
4,48,3,72,5,5,3,3,3,32,1,2,2,1,1,0,0,1,0,0,1,0,0,1,1,1,EU,Male,0.8114037444177671,1,0.8114037444177671
2,24,3,64,1,2,3,2,3,33,3,1,1,1,1,0,0,1,0,0,1,0,0,1,1,1,US,Male,0.5557984124442228,1,0.5557984124442228
2,24,4,57,1,2,2,4,4,24,3,2,1,2,1,0,0,1,0,0,0,0,0,1,1,1,US,Male,0.5266618001030988,1,0.5266618001030988
4,15,2,53,3,5,2,4,4,35,3,1,1,1,1,1,0,1,0,0,0,0,0,1,1,1,EU,Male,0.6742137028340252,1,0.6742137028340252
4,60,2,101,2,4,2,4,1,21,3,1,1,2,1,0,0,1,0,0,1,0,0,1,1,1,EU,Female,0.5503806668610068,0,0.35038066686100683
2,18,2,39,1,1,2,4,3,67,3,1,1,2,1,0,0,1,0,0,1,0,0,1,1,1,EU,Female,0.6423363175631199,0,0.4423363175631199
4,24,2,10,5,5,3,2,3,25,3,2,1,1,1,0,0,1,0,0,1,0,0,1,1,1,US,Male,0.9359175107008755,1,0.9359175107008755
2,9,4,15,1,5,2,3,3,34,3,2,1,2,1,0,0,1,0,0,1,0,0,0,2,0,US,Female,0.8576862869772134,1,0.6576862869772133
2,24,4,78,4,5,2,4,4,29,3,1,1,1,1,0,1,1,0,1,0,0,0,1,1,1,US,Female,0.8818869323591613,1,0.6818869323591612
4,7,4,7,5,5,3,2,2,46,3,2,1,2,1,0,0,1,0,1,0,0,1,0,1,1,US,Male,0.9844849576239078,1,0.9844849576239078
2,36,3,74,1,3,2,2,2,54,3,1,1,1,1,1,0,1,0,1,0,0,0,1,1,1,EU,Female,0.27803569259180677,0,0.07803569259180676
4,18,2,18,1,3,4,2,2,30,3,1,1,2,1,1,0,1,0,0,1,0,0,0,1,1,EU,Male,0.8330241246829121,1,0.8330241246829121
2,24,2,31,2,5,3,4,4,30,3,1,1,1,1,0,0,1,0,0,0,0,0,1,1,1,EU,Female,0.499316321368669,0,0.299316321368669
2,12,4,14,1,4,3,3,2,26,3,1,1,1,1,0,0,1,0,0,1,0,0,1,1,1,EU,Male,0.8127352024744171,1,0.8127352024744171
4,24,4,52,1,5,3,4,3,33,3,1,1,2,1,0,0,1,0,0,1,0,0,1,1,1,US,Male,0.9014398866268765,1,0.9014398866268765
4,18,2,34,1,5,3,4,2,47,1,3,2,2,1,0,0,1,0,0,1,0,0,1,1,1,US,Female,0.8708711166567897,1,0.6708711166567898
2,15,4,15,5,5,3,4,1,50,3,2,1,2,1,0,0,0,0,0,1,0,0,1,1,1,US,Female,0.9908381227389093,1,0.7908381227389092
1,12,2,7,1,5,2,4,2,24,3,1,1,1,1,0,0,1,0,1,0,0,0,1,1,1,EU,Female,0.4089438340086957,0,0.2089438340086957
4,30,4,67,5,4,3,3,2,36,3,2,1,1,1,0,0,1,0,0,1,0,0,1,1,1,US,Female,0.9466350382835113,1,0.7466350382835112
4,12,2,9,5,3,2,2,3,21,3,1,1,1,1,0,0,1,0,0,1,0,0,1,1,1,EU,Male,0.9305880269084131,1,0.9305880269084131
4,12,4,10,5,4,2,4,1,23,3,2,1,1,1,0,0,1,0,0,1,0,0,1,1,1,EU,Female,0.97308133715686,1,0.7730813371568599
4,6,2,15,4,3,1,2,1,33,3,1,1,1,1,0,0,1,0,0,1,0,0,1,1,1,EU,Female,0.9399032085866387,1,0.7399032085866386
1,6,2,7,1,2,3,4,1,41,3,1,2,2,1,1,0,1,0,0,1,0,1,0,1,1,EU,Male,0.574084815484721,1,0.574084815484721
4,18,2,16,2,3,2,4,2,24,3,1,1,1,1,0,0,1,0,1,0,0,1,0,1,1,US,Male,0.7551046086303029,1,0.7551046086303029
4,12,2,21,5,5,2,4,4,52,3,1,1,2,1,1,0,1,0,0,0,0,0,0,1,1,EU,Female,0.8940275430465978,1,0.6940275430465979
2,36,1,40,5,2,2,2,4,29,1,1,1,1,1,0,0,1,0,0,1,1,0,0,1,1,EU,Female,0.2728171069849151,0,0.07281710698491511
1,18,1,16,1,3,3,3,3,44,1,1,1,1,1,0,0,1,0,0,1,0,0,1,2,0,EU,Male,0.28587761871727774,0,0.28587761871727774
4,24,3,25,1,5,3,4,3,47,3,2,2,1,1,1,0,1,0,0,1,0,1,0,2,0,US,Female,0.8127317521376949,1,0.6127317521376949
2,20,3,71,5,4,3,4,2,36,1,2,2,2,1,0,1,1,0,1,0,0,0,0,1,1,US,Male,0.9298648202622588,1,0.9298648202622588
2,18,2,19,4,3,3,2,2,35,3,1,1,2,1,0,0,1,0,0,1,0,1,0,1,1,EU,Female,0.842235219893688,1,0.642235219893688
1,12,3,13,1,3,3,2,1,43,3,2,2,1,1,1,0,1,0,0,1,0,1,0,1,1,US,Male,0.608563447914912,1,0.608563447914912
4,12,2,17,1,4,2,4,1,31,3,1,1,1,1,0,0,1,0,0,1,0,1,0,1,1,US,Female,0.8554306607411428,1,0.6554306607411429
1,6,2,4,1,2,2,4,2,23,3,1,1,1,1,0,0,1,0,0,1,0,0,1,2,0,EU,Female,0.4978767394613452,0,0.2978767394613452
1,8,4,34,1,4,3,4,1,39,3,2,1,1,2,1,0,1,0,0,1,0,1,0,1,1,EU,Male,0.874199158845675,1,0.874199158845675
4,18,4,61,1,5,3,4,3,33,3,2,1,2,1,0,0,1,0,0,1,0,0,1,1,1,US,Male,0.9150640374780494,1,0.9150640374780494
2,24,2,12,1,2,3,1,2,26,3,1,1,1,1,1,0,1,0,0,1,0,0,1,1,1,EU,Male,0.44386679727685724,0,0.44386679727685724
4,12,2,31,1,3,3,4,3,52,3,1,1,2,1,0,0,1,0,0,1,0,0,1,1,1,US,Male,0.8928389171803911,1,0.8928389171803911
2,12,2,6,1,2,4,1,1,26,1,1,1,1,1,0,0,0,0,0,1,0,1,0,1,1,EU,Female,0.8776278030769026,1,0.6776278030769025
4,48,4,61,1,3,3,3,4,31,1,1,1,2,1,0,0,1,0,0,0,0,0,1,1,1,US,Male,0.579057016691021,1,0.579057016691021
4,9,2,14,1,4,2,2,3,27,3,2,1,1,1,0,0,1,0,0,1,0,0,1,1,1,EU,Male,0.8627163170061499,1,0.8627163170061499
4,6,0,4,1,5,4,4,3,39,3,1,1,1,1,0,0,1,0,0,1,0,1,0,1,1,US,Female,0.8312444159009402,1,0.6312444159009403
1,15,0,10,1,5,3,3,3,33,3,2,2,1,1,1,0,1,0,1,0,0,0,1,2,0,EU,Female,0.20392555313566252,0,0.003925553135662507
4,21,2,25,5,5,3,4,1,46,3,1,1,2,1,0,1,1,0,0,1,0,0,0,1,1,US,Female,0.9919871901069838,1,0.7919871901069837
1,24,2,24,2,1,1,1,2,33,3,1,1,1,1,0,0,1,0,0,1,0,0,1,2,0,EU,Male,0.42004181542557334,0,0.42004181542557334
1,12,2,7,2,4,4,1,2,20,3,1,1,1,1,0,0,1,0,0,1,0,0,1,2,0,EU,Male,0.6827727010176389,1,0.6827727010176389
3,12,2,19,1,3,2,2,3,44,3,1,1,2,1,0,0,1,0,1,0,0,1,0,1,1,EU,Female,0.7380234920290819,1,0.5380234920290818
2,24,2,41,1,4,1,3,3,43,3,1,1,2,1,0,0,1,0,0,1,0,0,1,2,0,EU,Male,0.5581440855354405,1,0.5581440855354405
2,48,3,67,5,3,3,4,4,38,3,1,2,2,1,0,0,1,0,0,0,0,0,1,1,1,US,Male,0.637586485727154,1,0.637586485727154
1,15,2,13,5,3,2,2,3,24,3,1,1,1,1,0,0,1,0,1,0,0,0,1,2,0,EU,Female,0.5918327796459406,0,0.3918327796459406
1,24,1,32,1,3,3,2,2,31,3,1,1,2,1,0,0,1,0,1,0,0,0,1,2,0,EU,Male,0.3334030037266428,0,0.3334030037266428
4,11,4,72,1,3,3,4,2,39,3,2,1,1,1,1,0,1,0,0,1,0,1,0,1,1,EU,Female,0.8197595157467843,1,0.6197595157467843
2,9,2,21,1,3,3,2,1,37,3,1,2,1,1,0,0,1,0,0,1,0,1,0,1,1,EU,Female,0.7707050854050806,1,0.5707050854050806
2,48,3,62,1,5,3,4,4,50,3,1,1,1,1,0,0,1,0,0,0,0,0,1,2,0,US,Male,0.35290225525828195,0,0.35290225525828195
4,13,2,14,2,1,2,4,1,64,3,1,1,1,1,0,0,1,0,0,1,0,0,1,1,1,US,Male,0.907844876024398,1,0.907844876024398
1,11,4,39,1,3,3,2,1,40,3,2,2,1,1,1,0,1,0,0,1,0,1,0,1,1,US,Male,0.6395530017611152,1,0.6395530017611152
1,24,2,40,1,3,3,2,3,27,2,1,1,1,1,0,0,1,0,0,1,0,0,1,1,1,US,Female,0.3123138948776117,0,0.11231389487761168
2,24,2,38,3,1,2,4,4,23,3,1,1,1,1,0,0,1,0,1,0,1,0,0,1,1,US,Male,0.2798567828791681,0,0.2798567828791681
1,12,4,14,1,5,3,3,1,54,3,1,1,1,1,0,1,1,0,0,1,0,0,1,1,1,EU,Female,0.9516755289938248,1,0.7516755289938248
1,48,2,39,1,4,3,4,4,46,3,1,2,1,1,1,0,1,0,0,0,0,0,1,2,0,EU,Male,0.12509316129572137,0,0.12509316129572137
4,24,2,46,4,3,3,3,2,54,3,3,1,2,1,0,0,1,0,0,1,0,0,0,2,0,US,Male,0.9428825660912084,1,0.9428825660912084
1,6,4,7,4,4,2,4,1,39,3,2,1,2,1,1,0,1,0,0,1,0,1,0,1,1,US,Female,0.8312890169092796,1,0.6312890169092795
2,9,1,51,1,5,2,4,4,74,1,1,2,2,1,0,1,1,0,0,0,0,0,0,2,0,EU,Female,0.8200579488267178,1,0.6200579488267177
4,24,2,28,3,5,3,4,2,53,3,1,1,1,1,0,0,1,0,0,1,0,0,1,1,1,US,Female,0.9101087454761995,1,0.7101087454761994
4,24,4,23,1,4,3,3,3,35,3,2,1,2,1,0,1,1,0,0,1,0,0,1,1,1,US,Male,0.9824246089663637,1,0.9824246089663637
4,10,2,15,1,3,3,2,1,31,3,1,2,1,2,1,0,1,0,0,1,0,1,0,1,1,EU,Male,0.9597745563973091,1,0.9597745563973091
2,18,4,12,1,3,4,2,3,33,3,1,1,1,1,0,0,1,0,0,1,0,0,1,2,0,EU,Male,0.805812300086543,1,0.805812300086543
1,12,4,22,1,3,3,4,2,38,1,2,1,1,2,1,0,1,0,0,1,0,1,0,1,1,EU,Female,0.7509831682896403,1,0.5509831682896402
2,45,2,30,2,3,3,4,2,21,3,1,1,1,1,0,0,0,0,1,0,0,0,1,2,0,US,Male,0.6752619045239471,1,0.6752619045239471
2,36,2,37,5,3,4,2,3,27,3,1,1,1,1,0,0,1,0,0,1,0,0,1,1,1,US,Male,0.7187946579838961,1,0.7187946579838961
2,12,4,36,1,5,3,4,3,28,3,3,1,2,1,0,0,1,0,1,0,0,0,1,1,1,US,Male,0.7650919005728247,1,0.7650919005728247
2,9,2,17,1,2,2,2,3,22,3,1,1,2,1,0,0,1,0,0,1,0,0,1,2,0,EU,Female,0.6658212338496539,0,0.46582123384965385
1,36,4,62,1,2,2,4,4,23,3,2,1,2,1,0,0,0,1,1,0,0,1,0,2,0,US,Female,0.19314369623365896,0,0.0
1,20,4,43,1,5,2,4,2,24,3,2,1,1,1,0,0,1,0,0,1,0,0,1,1,1,EU,Male,0.569959481547801,1,0.569959481547801
4,6,4,68,1,4,3,3,4,45,3,2,2,2,1,1,0,1,0,0,1,0,0,0,1,1,US,Male,0.9031744650438064,1,0.9031744650438064
2,24,4,19,1,5,1,4,1,31,3,2,1,2,1,0,0,1,0,0,1,0,0,1,2,0,EU,Male,0.7875430954006254,1,0.7875430954006254
2,12,2,13,1,2,2,1,3,25,3,1,1,1,1,1,0,1,0,1,0,0,0,1,2,0,US,Male,0.3469620118346214,0,0.3469620118346214
3,24,4,13,5,4,3,2,1,37,1,2,2,1,1,1,0,1,0,0,1,0,1,0,2,0,EU,Male,0.8856459066467685,1,0.8856459066467685
4,33,3,28,1,3,2,2,3,26,3,2,1,2,1,0,0,1,0,0,1,0,0,1,1,1,US,Female,0.8299124574643227,1,0.6299124574643227
4,36,4,33,5,5,3,2,3,51,3,1,1,2,1,0,0,1,0,0,1,0,0,1,1,1,EU,Female,0.9687573942427218,1,0.7687573942427217
4,39,2,86,2,5,3,2,3,45,3,1,1,2,1,0,1,1,0,0,1,0,0,0,1,1,EU,Female,0.9470056537590976,1,0.7470056537590977
4,24,2,14,3,4,2,1,3,28,3,1,1,1,1,0,0,1,0,0,1,0,0,1,1,1,EU,Male,0.8748037888848698,1,0.8748037888848698
1,24,1,25,3,3,3,4,1,22,2,1,1,2,1,0,0,1,0,0,1,0,0,1,1,1,EU,Male,0.46892187311215666,0,0.46892187311215666
3,15,2,23,1,2,2,3,1,25,3,1,1,1,1,0,0,1,0,0,1,0,1,0,2,0,US,Female,0.7124106316406589,1,0.5124106316406589
1,24,2,18,1,1,3,2,3,30,2,1,2,1,1,0,0,1,0,0,1,0,0,0,2,0,EU,Male,0.3705513827796805,0,0.3705513827796805
4,18,3,23,1,1,4,3,1,34,3,2,1,1,1,0,0,1,0,0,1,0,0,1,1,1,EU,Male,0.9056101836686855,1,0.9056101836686855
1,15,2,17,1,2,3,3,1,36,3,1,1,1,1,1,0,1,0,0,1,0,0,1,1,1,EU,Female,0.38689061097119964,0,0.18689061097119963
3,18,2,29,1,3,3,1,1,34,3,1,2,1,1,0,0,1,0,0,1,0,1,0,2,0,EU,Male,0.817768029209417,1,0.817768029209417
1,18,2,26,1,3,3,4,4,65,3,2,1,1,1,0,0,1,0,0,0,0,0,1,2,0,EU,Male,0.4336588490090924,0,0.4336588490090924
4,12,4,13,5,5,3,4,4,57,3,1,1,1,1,0,0,1,0,1,0,0,1,0,1,1,EU,Male,0.9630970346887111,1,0.9630970346887111
4,24,2,13,1,4,3,1,1,25,3,1,1,2,1,0,0,1,0,0,1,0,0,1,1,1,EU,Female,0.8990997278668227,1,0.6990997278668227
2,24,4,17,1,5,3,2,2,48,3,2,1,1,1,0,0,1,0,0,1,0,1,0,1,1,EU,Female,0.8209254321885754,1,0.6209254321885753
4,5,2,34,1,4,3,4,1,74,3,1,1,1,1,0,0,1,0,0,1,0,1,0,1,1,US,Male,0.9296562700770221,1,0.9296562700770221
4,15,2,13,3,4,3,3,2,36,3,2,1,2,1,0,0,1,0,0,1,0,0,1,1,1,EU,Male,0.945433559894671,1,0.945433559894671
4,10,2,13,5,5,3,2,2,45,3,1,1,1,2,1,0,0,1,0,1,0,1,0,1,1,US,Male,0.9794577544268137,1,0.9794577544268137
2,48,0,122,5,3,3,2,3,48,1,1,1,2,1,0,0,1,0,0,1,0,0,0,1,1,EU,Female,0.2813337988919865,0,0.0813337988919865
1,36,3,69,1,3,3,3,2,29,2,1,1,2,1,0,0,1,0,0,1,0,0,1,2,0,US,Male,0.3497402583886202,0,0.3497402583886202
4,9,2,25,3,5,3,4,4,51,3,1,1,1,1,1,0,1,0,0,0,0,1,0,1,1,EU,Male,0.8077385286435592,1,0.8077385286435592
4,12,2,29,5,1,3,4,4,38,3,1,1,2,1,1,0,1,0,0,1,0,0,0,1,1,EU,Male,0.8831991775794272,1,0.8831991775794272
2,60,2,140,1,4,3,2,4,27,3,1,1,2,1,1,0,1,0,0,1,0,0,0,2,0,US,Male,0.10053844013334493,0,0.10053844013334493
4,42,2,72,5,4,4,4,2,29,3,1,1,2,1,0,0,1,0,1,0,0,0,1,1,1,EU,Male,0.8348683591207964,1,0.8348683591207964
2,6,2,6,1,2,4,3,1,26,3,1,1,1,2,0,0,1,0,0,1,0,1,0,1,1,EU,Female,0.9322022659295062,1,0.7322022659295062
2,30,2,22,1,3,2,2,4,24,1,1,1,1,1,1,0,0,0,0,1,0,0,1,2,0,EU,Male,0.47608692507059885,0,0.47608692507059885
1,24,2,16,1,5,2,4,3,55,3,1,1,1,1,0,0,1,0,0,1,0,0,1,1,1,EU,Female,0.46874300765861576,0,0.26874300765861575
3,6,4,13,1,5,3,4,1,46,3,2,2,1,2,1,0,1,0,0,1,0,0,1,1,1,US,Male,0.9771888779351635,1,0.9771888779351635
1,18,1,14,1,4,3,4,4,32,3,2,2,1,1,1,0,1,0,0,0,0,1,0,2,0,EU,Female,0.1966768417169079,0,0.0
2,11,4,13,4,3,2,4,3,40,3,2,1,1,1,1,0,1,0,0,1,0,0,1,1,1,US,Male,0.7972171950469913,1,0.7972171950469913
2,12,2,10,4,2,2,4,1,19,3,1,1,1,1,0,0,1,0,1,0,0,1,0,1,1,US,Male,0.6716922991537778,1,0.6716922991537778
4,10,2,14,1,3,2,4,3,64,3,1,1,2,1,1,0,1,0,0,1,0,0,1,1,1,EU,Male,0.8374802074961191,1,0.8374802074961191
1,15,4,10,1,3,1,3,2,25,3,2,1,1,1,0,0,1,0,0,1,0,0,1,1,1,US,Male,0.6109835614484846,1,0.6109835614484846
4,21,3,26,3,2,3,2,1,41,1,1,2,1,1,0,0,1,0,0,1,0,1,0,2,0,US,Female,0.9031249565045985,1,0.7031249565045985
1,20,4,22,1,3,4,2,2,33,1,2,1,1,2,1,0,0,0,1,0,0,0,1,2,0,US,Male,0.9051937422443475,1,0.9051937422443475
1,6,2,12,2,5,3,2,2,43,3,1,1,2,1,1,0,1,0,0,1,0,0,1,1,1,EU,Male,0.6644186674014644,1,0.6644186674014644
2,21,4,37,1,4,3,3,2,27,3,2,1,1,1,0,0,1,0,0,1,0,0,1,1,1,US,Male,0.7482989090786871,1,0.7482989090786871
3,24,2,52,1,4,3,2,3,25,1,1,1,1,1,0,0,1,0,0,1,0,0,1,1,1,EU,Female,0.5092023932044735,0,0.30920239320447346
1,21,2,36,1,4,2,4,3,26,3,1,1,1,1,0,0,1,0,1,0,0,1,0,1,1,US,Male,0.2410620712416533,0,0.2410620712416533
1,12,4,21,1,3,3,2,2,30,3,2,1,1,1,1,0,1,0,0,1,0,0,1,1,1,US,Female,0.5721458409784961,0,0.37214584097849607
4,18,4,11,1,1,2,4,3,65,3,2,1,1,1,0,0,1,0,0,1,1,0,0,1,1,US,Female,0.876135554971837,1,0.6761355549718371
4,36,2,38,5,5,2,4,1,45,3,1,1,2,1,0,0,1,0,0,1,0,1,0,1,1,EU,Male,0.9242642387908893,1,0.9242642387908893
1,18,2,19,1,3,2,4,3,25,1,2,1,1,1,0,0,1,0,1,0,0,0,1,2,0,EU,Female,0.18980298771885895,0,0.0
2,36,3,29,2,5,3,3,4,30,3,1,1,1,1,1,0,1,0,0,0,0,0,1,1,1,US,Male,0.3620900729520918,0,0.3620900729520918
1,18,2,35,1,4,2,1,1,25,3,1,1,1,1,0,0,0,0,0,1,0,0,1,1,1,EU,Male,0.8070581667920829,1,0.8070581667920829
2,18,4,64,1,5,3,1,4,41,3,1,1,2,1,0,0,1,0,0,1,0,0,1,1,1,EU,Male,0.793391912180584,1,0.793391912180584
2,24,2,41,3,2,2,4,3,28,3,1,1,1,1,0,1,1,0,1,0,0,0,1,2,0,US,Female,0.7760591086176237,1,0.5760591086176237
4,18,2,20,1,4,3,1,3,34,2,2,1,2,1,0,0,1,0,0,1,0,0,1,1,1,EU,Female,0.8699459019085322,1,0.6699459019085321
2,18,4,11,1,5,3,3,1,30,1,2,1,1,1,1,0,0,0,0,1,0,0,1,2,0,US,Male,0.8683647455790078,1,0.8683647455790078
4,24,2,35,2,4,2,4,3,23,3,1,1,1,1,0,1,1,0,0,1,0,0,1,1,1,EU,Male,0.9370419337912748,1,0.9370419337912748
4,9,2,20,1,2,2,2,3,19,3,2,1,1,1,0,0,0,1,1,0,0,0,1,2,0,EU,Female,0.6804264390460154,0,0.4804264390460154
1,24,4,30,1,5,3,4,2,63,3,2,1,2,1,0,1,1,0,0,1,0,0,1,1,1,EU,Female,0.9401402472901932,1,0.7401402472901932
2,36,2,48,1,2,2,1,4,30,3,1,1,2,1,0,0,1,0,0,1,0,0,0,1,1,US,Male,0.4243701885244776,0,0.4243701885244776
1,24,4,12,4,5,2,4,2,57,3,2,1,2,1,0,0,1,0,1,0,0,0,0,1,1,US,Female,0.8204903935202765,1,0.6204903935202766
4,24,3,7,5,5,4,4,3,54,3,2,1,2,1,1,0,1,0,0,1,0,0,1,1,1,EU,Male,0.956753490193307,1,0.956753490193307
2,6,1,4,4,2,2,2,2,24,1,1,2,1,1,0,0,1,0,1,0,0,0,1,2,0,US,Male,0.5918704499720178,1,0.5918704499720178
1,24,3,49,1,3,3,4,4,53,3,2,2,1,1,1,0,1,0,0,0,0,0,1,2,0,US,Female,0.2893251340437659,0,0.08932513404376591
4,48,4,116,2,3,2,4,3,24,1,2,1,1,1,0,1,1,0,1,0,0,1,0,2,0,US,Female,0.7255651673321646,1,0.5255651673321646
2,36,3,81,2,5,3,4,3,42,3,4,1,2,1,1,0,1,0,0,1,0,0,0,2,0,EU,Male,0.508135608324388,1,0.508135608324388
1,18,1,19,1,2,3,4,4,36,1,1,1,2,1,0,0,0,1,0,0,0,0,0,1,1,EU,Female,0.158547468455104,0,0.0
1,36,4,96,1,4,3,4,3,24,3,2,1,2,1,0,1,1,0,0,1,0,0,1,2,0,US,Male,0.7564688290324219,1,0.7564688290324219
2,12,0,14,1,3,3,2,1,31,3,1,1,2,1,0,0,1,0,0,1,0,1,0,1,1,US,Male,0.6276559307299892,1,0.6276559307299892
4,12,2,15,1,4,3,4,3,36,3,1,1,2,1,0,0,1,0,0,1,0,0,1,1,1,US,Male,0.8930119050985832,1,0.8930119050985832
4,24,4,19,5,3,2,2,3,33,3,2,1,2,1,0,0,1,0,0,1,0,0,1,1,1,EU,Female,0.9673257925109097,1,0.7673257925109096
4,6,3,17,2,3,3,2,1,34,3,2,1,1,1,0,0,1,0,0,1,0,1,0,1,1,US,Female,0.9486287742153866,1,0.7486287742153865
2,12,2,8,2,4,2,4,1,23,3,1,1,1,1,0,0,1,0,1,0,0,1,0,1,1,EU,Male,0.6070304245665424,1,0.6070304245665424
2,9,2,12,1,4,2,4,2,67,3,2,1,2,1,0,0,1,0,0,1,0,0,0,1,1,EU,Male,0.8227603871902012,1,0.8227603871902012
1,24,2,19,1,2,1,3,2,32,3,1,1,1,1,0,0,1,0,0,1,0,0,1,2,0,EU,Male,0.34637565470179527,0,0.34637565470179527
4,15,2,36,5,3,3,2,4,29,3,1,1,1,1,1,0,1,0,0,1,0,0,1,1,1,US,Female,0.8534958910525737,1,0.6534958910525737
4,24,2,23,5,2,3,1,2,54,3,1,1,1,1,1,0,1,0,0,1,0,0,1,1,1,US,Male,0.9025114688454138,1,0.9025114688454138
3,24,4,31,5,3,3,2,3,31,3,2,1,2,1,0,0,1,0,0,1,0,0,1,1,1,US,Female,0.9460783741439357,1,0.7460783741439356
1,18,0,31,1,2,2,4,2,26,3,1,1,1,1,0,0,1,0,1,0,0,0,1,2,0,EU,Female,0.16031716235043036,0,0.0
2,12,2,19,1,3,3,2,2,37,3,1,1,1,1,0,0,1,0,0,1,0,1,0,2,0,EU,Male,0.689324335912882,1,0.689324335912882
4,10,2,19,1,3,3,4,2,38,3,1,1,2,2,0,0,1,0,0,1,0,0,1,1,1,US,Female,0.9774429092369867,1,0.7774429092369868
4,9,4,24,1,1,3,3,3,31,3,1,1,1,1,0,0,1,0,0,1,0,0,0,1,1,US,Male,0.9098816761760347,1,0.9098816761760347
1,12,1,21,1,3,1,1,4,29,3,1,1,1,1,0,0,1,0,0,0,0,0,1,2,0,EU,Male,0.2637249273168426,0,0.2637249273168426
1,9,2,14,1,2,2,4,2,22,3,1,1,1,1,0,0,1,0,1,0,0,0,1,2,0,EU,Female,0.3528294181818997,0,0.1528294181818997
1,12,1,6,1,3,2,4,1,24,1,1,1,1,1,0,0,1,0,0,1,0,1,0,2,0,EU,Male,0.2787254837533523,0,0.2787254837533523
4,12,2,6,1,3,1,2,1,49,3,1,1,1,1,1,0,1,0,0,1,0,1,0,1,1,EU,Female,0.7943817865881827,1,0.5943817865881826
4,12,4,16,4,4,2,2,2,35,3,1,1,1,2,0,0,1,0,0,1,0,0,1,1,1,EU,Male,0.9927686165961624,1,0.9927686165961624
1,60,3,68,1,5,3,4,4,63,3,2,1,2,1,0,0,1,0,0,1,0,0,1,2,0,US,Female,0.3197197509918358,0,0.1197197509918358
2,15,0,18,1,2,2,1,1,26,3,2,1,1,1,1,0,1,0,1,0,1,0,0,2,0,US,Male,0.1805556036202448,0,0.1805556036202448
2,11,3,48,1,4,3,4,2,51,3,1,1,1,1,0,0,1,0,0,1,0,0,1,1,1,US,Female,0.7536123780384221,1,0.5536123780384221
1,18,4,53,1,5,3,4,4,36,3,3,1,2,1,1,0,1,0,0,0,0,0,0,1,1,US,Male,0.43328704873881685,0,0.43328704873881685
4,36,3,96,1,2,1,1,3,28,3,2,1,1,1,0,0,1,0,0,1,0,0,1,2,0,US,Female,0.6205673730067773,0,0.4205673730067773
4,12,4,13,1,5,3,4,1,61,3,2,1,1,1,1,0,1,0,0,1,0,1,0,1,1,EU,Female,0.9279826050568221,1,0.7279826050568221
4,48,2,102,5,4,3,3,3,37,2,1,1,2,1,0,0,1,0,0,1,0,0,1,1,1,US,Male,0.7681822435093507,1,0.7681822435093507
1,45,2,18,1,3,3,4,4,23,3,1,1,2,1,0,0,1,0,0,0,0,0,1,2,0,EU,Male,0.21554864544736302,0,0.21554864544736302
4,36,2,74,5,5,3,2,2,37,3,2,1,1,1,0,0,1,0,0,1,0,0,1,1,1,EU,Male,0.8928587203481979,1,0.8928587203481979
2,20,3,26,1,3,3,3,3,29,1,2,1,2,1,0,0,1,0,0,1,0,0,1,1,1,US,Female,0.5978782115326269,0,0.39787821153262687
4,36,2,9,3,5,3,4,2,36,3,1,1,1,1,1,0,1,0,0,1,0,0,1,1,1,US,Male,0.7745954050114183,1,0.7745954050114183
2,36,2,143,1,5,3,2,4,57,3,1,1,2,1,1,0,1,0,0,0,0,0,0,2,0,EU,Male,0.21019476236878215,0,0.21019476236878215
4,12,2,14,1,5,3,4,2,47,1,3,2,2,1,0,0,1,0,0,1,0,0,1,1,1,US,Male,0.9043015902683431,1,0.9043015902683431
1,24,1,15,1,4,3,4,3,24,1,1,1,1,1,0,0,0,0,1,0,0,1,0,2,0,US,Male,0.40576836559949303,0,0.40576836559949303
1,6,2,14,1,3,3,2,1,36,1,1,1,2,1,0,0,1,0,0,1,0,1,0,1,1,EU,Male,0.579316056966652,1,0.579316056966652
2,18,0,23,2,2,2,3,3,28,3,2,1,1,1,1,0,1,0,0,1,0,0,1,2,0,US,Female,0.2721449764938915,0,0.07214497649389151
4,12,2,47,5,2,2,4,3,20,3,1,1,1,1,0,1,1,0,1,0,0,0,1,1,1,EU,Male,0.9572326895193083,1,0.9572326895193083
4,36,2,24,5,3,2,4,3,25,3,1,1,1,1,0,0,1,0,0,1,0,0,1,1,1,EU,Male,0.8394137881826749,1,0.8394137881826749
2,12,4,24,3,4,1,3,3,36,3,1,1,2,1,1,0,1,0,0,1,0,0,0,1,1,EU,Male,0.7688935611880312,1,0.7688935611880312
4,7,3,8,5,5,3,4,4,36,3,1,1,1,1,0,0,1,0,0,0,0,0,1,1,1,US,Male,0.953917208879339,1,0.953917208879339
2,39,3,118,2,4,3,3,4,32,3,1,1,2,1,0,0,1,0,1,0,0,0,1,1,1,EU,Female,0.35882180114540524,0,0.15882180114540523
1,36,2,34,1,5,3,2,3,42,3,1,2,1,1,0,0,1,0,0,1,0,0,1,2,0,US,Male,0.43528252840298,0,0.43528252840298
1,24,2,37,1,3,2,4,3,28,3,1,1,1,1,0,0,1,0,0,1,0,0,1,1,1,EU,Female,0.3084654075560133,0,0.1084654075560133
1,12,2,17,1,3,3,2,1,27,3,1,1,1,1,0,0,1,0,0,1,0,0,1,1,1,EU,Male,0.5824075415132659,1,0.5824075415132659
4,9,4,9,3,5,3,2,3,52,3,2,1,2,1,0,0,1,0,0,1,0,0,1,1,1,EU,Female,0.9817130663601978,1,0.7817130663601979
4,36,2,31,5,3,3,4,1,36,3,1,1,1,1,1,0,1,0,0,1,0,0,1,1,1,US,Female,0.8259228851006543,1,0.6259228851006542
4,48,4,89,5,4,3,1,4,35,3,2,1,2,1,0,1,1,0,0,0,0,0,1,1,1,EU,Female,0.9717356803686223,1,0.7717356803686224
2,12,2,15,1,2,4,1,1,23,3,1,1,1,1,0,0,1,0,1,0,0,0,1,2,0,EU,Female,0.6526294398339757,0,0.4526294398339757
2,12,2,10,4,3,4,1,1,22,3,1,1,1,1,1,0,1,0,0,1,0,0,1,1,1,EU,Male,0.7802028460347369,1,0.7802028460347369
4,12,4,27,1,5,2,4,4,57,1,3,1,1,1,0,0,1,0,0,0,0,1,0,1,1,EU,Male,0.8358514532164927,1,0.8358514532164927
4,21,2,28,3,4,2,2,3,31,1,1,1,1,1,1,0,1,0,0,1,0,0,0,1,1,EU,Male,0.6606398041956448,1,0.6606398041956448
4,24,2,24,3,5,3,2,3,35,1,2,1,2,1,0,0,1,0,0,1,0,0,1,2,0,US,Male,0.8734110852104787,1,0.8734110852104787
1,6,2,14,3,1,2,2,2,23,3,1,1,2,1,0,1,1,0,1,0,1,0,0,1,1,EU,Male,0.8135089408745996,1,0.8135089408745996
4,36,3,77,3,4,2,4,3,40,3,2,1,2,1,0,0,1,0,0,1,0,0,1,1,1,US,Female,0.8474917152906891,1,0.6474917152906892
4,12,4,23,5,5,3,4,1,49,3,1,1,2,1,0,0,0,1,0,1,0,0,1,1,1,US,Female,0.9816735981510033,1,0.7816735981510032
4,24,2,34,3,5,3,2,3,31,3,1,2,2,1,0,0,1,0,0,1,0,0,1,1,1,US,Male,0.9243047172480339,1,0.9243047172480339
1,24,2,66,1,3,4,2,3,21,2,1,1,1,1,0,0,1,0,0,1,0,1,0,1,1,US,Male,0.27359565033998645,0,0.27359565033998645
2,9,1,14,2,4,3,3,4,29,3,1,1,1,1,1,0,1,0,0,1,0,0,1,2,0,EU,Male,0.4615746776851169,0,0.4615746776851169
4,36,3,45,1,3,3,2,3,26,3,2,1,2,1,0,0,1,0,0,1,0,0,0,2,0,EU,Male,0.8247945404452173,1,0.8247945404452173
2,6,2,5,1,2,4,1,2,22,3,1,1,1,1,0,0,1,0,0,1,0,1,0,1,1,US,Female,0.7439122011113558,1,0.5439122011113557
